{"cameraMode":{"drawMode":0,"name":"Shaded","section":"Shading Mode"},"sceneLighting":false,"audioPlay":false,"sceneViewState":{"showFog":true,"showMaterialUpdate":false,"showSkybox":true,"showFlares":true,"showImageEffects":true,"showParticleSystems":true},"in2DMode":false,"pivot":{"x":-12.109999656677246,"y":1.600000023841858,"z":-70.1500015258789},"rotation":{"x":0.03838343545794487,"y":0.01648710109293461,"z":-0.0006332436460070312,"w":0.9991268515586853},"size":5.7157673835754398,"orthographic":false}