{"cameraMode":{"drawMode":0,"name":"Shaded","section":"Shading Mode"},"sceneLighting":false,"audioPlay":false,"sceneViewState":{"showFog":true,"showMaterialUpdate":false,"showSkybox":true,"showFlares":true,"showImageEffects":true,"showParticleSystems":true},"in2DMode":false,"pivot":{"x":-1.5519933700561524,"y":0.5,"z":2.8259987831115724},"rotation":{"x":0.2049456089735031,"y":-0.44468793272972109,"z":0.10529452562332154,"w":0.8655420541763306},"size":2.8578836917877199,"orthographic":false}