{"cameraMode":{"drawMode":0,"name":"Shaded","section":"Shading Mode"},"sceneLighting":false,"audioPlay":false,"sceneViewState":{"showFog":true,"showMaterialUpdate":false,"showSkybox":true,"showFlares":true,"showImageEffects":true,"showParticleSystems":true},"in2DMode":false,"pivot":{"x":-12.109999656677246,"y":2.3998208045959474,"z":-70.15023040771485},"rotation":{"x":0.07278241217136383,"y":-0.037391625344753268,"z":0.0027307618875056507,"w":0.9966430068016052},"size":4.126635551452637,"orthographic":false}