{"cameraMode":{"drawMode":0,"name":"Shaded","section":"Shading Mode"},"sceneLighting":false,"audioPlay":false,"sceneViewState":{"showFog":true,"showMaterialUpdate":false,"showSkybox":true,"showFlares":true,"showImageEffects":true,"showParticleSystems":true},"in2DMode":false,"pivot":{"x":-33.554012298583987,"y":-18.161895751953126,"z":-30.50659942626953},"rotation":{"x":0.41402149200439455,"y":0.010922664776444435,"z":-0.004968477413058281,"w":0.9101880192756653},"size":56.46720504760742,"orthographic":false}