{"cameraMode":{"drawMode":0,"name":"Shaded","section":"Shading Mode"},"sceneLighting":false,"audioPlay":false,"sceneViewState":{"showFog":true,"showMaterialUpdate":false,"showSkybox":true,"showFlares":true,"showImageEffects":true,"showParticleSystems":true},"in2DMode":false,"pivot":{"x":-4.681677341461182,"y":3.093449592590332,"z":-4.782138347625732},"rotation":{"x":0.19494374096393586,"y":0.05381464958190918,"z":-0.010712794028222561,"w":0.9792783856391907},"size":4.796884059906006,"orthographic":false}