{"cameraMode":{"drawMode":0,"name":"Shaded","section":"Shading Mode"},"sceneLighting":false,"audioPlay":false,"sceneViewState":{"showFog":true,"showMaterialUpdate":false,"showSkybox":true,"showFlares":true,"showImageEffects":true,"showParticleSystems":true},"in2DMode":false,"pivot":{"x":0.5687379837036133,"y":2.6270346641540529,"z":2.457280397415161},"rotation":{"x":0.07859084755182266,"y":0.7595696449279785,"z":-0.0934395045042038,"w":0.6388635635375977},"size":6.78863525390625,"orthographic":false}