{"cameraMode":{"drawMode":0,"name":"Shaded","section":"Shading Mode"},"sceneLighting":false,"audioPlay":false,"sceneViewState":{"showFog":true,"showMaterialUpdate":false,"showSkybox":true,"showFlares":true,"showImageEffects":true,"showParticleSystems":true},"in2DMode":false,"pivot":{"x":-12.710000038146973,"y":1.0399999618530274,"z":-35.470001220703128},"rotation":{"x":0.15943437814712525,"y":-0.7538997530937195,"z":0.19845576584339143,"w":0.605665922164917},"size":10.02738094329834,"orthographic":false}