{"cameraMode":{"drawMode":0,"name":"Shaded","section":"Shading Mode"},"sceneLighting":false,"audioPlay":false,"sceneViewState":{"showFog":true,"showMaterialUpdate":false,"showSkybox":true,"showFlares":true,"showImageEffects":true,"showParticleSystems":true},"in2DMode":false,"pivot":{"x":-0.053999900817871097,"y":1.5371485948562623,"z":0.14991697669029237},"rotation":{"x":0.002750248182564974,"y":-0.9884709119796753,"z":0.15030135214328767,"w":0.018087515607476236},"size":6.382074356079102,"orthographic":false}