{"cameraMode":{"drawMode":0,"name":"Shaded","section":"Shading Mode"},"sceneLighting":false,"audioPlay":false,"sceneViewState":{"showFog":true,"showMaterialUpdate":false,"showSkybox":true,"showFlares":true,"showImageEffects":true,"showParticleSystems":true},"in2DMode":false,"pivot":{"x":-3.40671706199646,"y":2.06786847114563,"z":-3.533818244934082},"rotation":{"x":-0.058315880596637729,"y":0.9415380358695984,"z":-0.22592805325984956,"w":-0.24302668869495393},"size":10.071939468383789,"orthographic":false}