{"cameraMode":{"drawMode":0,"name":"Shaded","section":"Shading Mode"},"sceneLighting":false,"audioPlay":false,"sceneViewState":{"showFog":true,"showMaterialUpdate":false,"showSkybox":true,"showFlares":true,"showImageEffects":true,"showParticleSystems":true},"in2DMode":false,"pivot":{"x":0.22650146484375,"y":3.903593063354492,"z":-21.112590789794923},"rotation":{"x":0.14651703834533692,"y":-0.7229958176612854,"z":0.161601722240448,"w":0.6555109620094299},"size":43.21348571777344,"orthographic":false}