{"cameraMode":{"drawMode":0,"name":"Shaded","section":"Shading Mode"},"sceneLighting":false,"audioPlay":false,"sceneViewState":{"showFog":true,"showMaterialUpdate":false,"showSkybox":true,"showFlares":true,"showImageEffects":true,"showParticleSystems":true},"in2DMode":false,"pivot":{"x":-3.0199999809265138,"y":0.9800000190734863,"z":-8.510000228881836},"rotation":{"x":0.3740737736225128,"y":0.001391104538924992,"z":-0.0005611076485365629,"w":0.9273977875709534},"size":1.4289418458938599,"orthographic":false}