{"cameraMode":{"drawMode":0,"name":"Shaded","section":"Shading Mode"},"sceneLighting":false,"audioPlay":false,"sceneViewState":{"showFog":true,"showMaterialUpdate":false,"showSkybox":true,"showFlares":true,"showImageEffects":true,"showParticleSystems":true},"in2DMode":false,"pivot":{"x":-4.33459997177124,"y":2.0598764419555666,"z":-3.9800000190734865},"rotation":{"x":0.007192438468337059,"y":0.9813099503517151,"z":-0.18862415850162507,"w":0.03741662576794624},"size":8.427079200744629,"orthographic":false}