{"cameraMode":{"drawMode":0,"name":"Shaded","section":"Shading Mode"},"sceneLighting":false,"audioPlay":false,"sceneViewState":{"showFog":true,"showMaterialUpdate":false,"showSkybox":true,"showFlares":true,"showImageEffects":true,"showParticleSystems":true},"in2DMode":false,"pivot":{"x":-3.0199999809265138,"y":0.9800000190734863,"z":-8.510000228881836},"rotation":{"x":0.01232463214546442,"y":-0.9800769686698914,"z":0.1874723732471466,"w":0.06443186104297638},"size":1.7147305011749268,"orthographic":false}