{"cameraMode":{"drawMode":0,"name":"Shaded","section":"Shading Mode"},"sceneLighting":false,"audioPlay":false,"sceneViewState":{"showFog":true,"showMaterialUpdate":false,"showSkybox":true,"showFlares":true,"showImageEffects":true,"showParticleSystems":true},"in2DMode":false,"pivot":{"x":6.634349346160889,"y":-7.749187469482422,"z":-3.670149564743042},"rotation":{"x":0.4104095995426178,"y":0.565182626247406,"z":-0.384179949760437,"w":0.6037701964378357},"size":37.594932556152347,"orthographic":false}