{"cameraMode":{"drawMode":0,"name":"Shaded","section":"Shading Mode"},"sceneLighting":false,"audioPlay":false,"sceneViewState":{"showFog":true,"showMaterialUpdate":false,"showSkybox":true,"showFlares":true,"showImageEffects":true,"showParticleSystems":true},"in2DMode":false,"pivot":{"x":-7.520000457763672,"y":2.2100000381469728,"z":-4.659999847412109},"rotation":{"x":0.013644897378981114,"y":-0.9750732779502869,"z":0.21242164075374604,"w":0.06263444572687149},"size":2.864366054534912,"orthographic":false}