{"cameraMode":{"drawMode":0,"name":"Shaded","section":"Shading Mode"},"sceneLighting":false,"audioPlay":false,"sceneViewState":{"showFog":true,"showMaterialUpdate":false,"showSkybox":true,"showFlares":true,"showImageEffects":true,"showParticleSystems":true},"in2DMode":false,"pivot":{"x":-3.4800000190734865,"y":1.2653186321258546,"z":-3.6227517127990724},"rotation":{"x":0.0014366830000653864,"y":0.9973081946372986,"z":-0.0704304501414299,"w":0.020345021039247514},"size":8.352718353271485,"orthographic":false}