{"cameraMode":{"drawMode":0,"name":"Shaded","section":"Shading Mode"},"sceneLighting":false,"audioPlay":false,"sceneViewState":{"showFog":true,"showMaterialUpdate":false,"showSkybox":true,"showFlares":true,"showImageEffects":true,"showParticleSystems":true},"in2DMode":false,"pivot":{"x":-4.167086124420166,"y":1.3397220373153687,"z":-4.6700005531311039},"rotation":{"x":0.041382722556591037,"y":0.01766948215663433,"z":-0.0007315838010981679,"w":0.9989868998527527},"size":6.338831424713135,"orthographic":false}