{"cameraMode":{"drawMode":0,"name":"Shaded","section":"Shading Mode"},"sceneLighting":false,"audioPlay":false,"sceneViewState":{"showFog":true,"showMaterialUpdate":false,"showSkybox":true,"showFlares":true,"showImageEffects":true,"showParticleSystems":true},"in2DMode":false,"pivot":{"x":-14.026677131652832,"y":-9.429630279541016,"z":0.026255369186401368},"rotation":{"x":0.14651703834533692,"y":-0.7229958176612854,"z":0.161601722240448,"w":0.6555109620094299},"size":48.75931930541992,"orthographic":false}