{"cameraMode":{"drawMode":0,"name":"Shaded","section":"Shading Mode"},"sceneLighting":false,"audioPlay":false,"sceneViewState":{"showFog":true,"showMaterialUpdate":false,"showSkybox":true,"showFlares":true,"showImageEffects":true,"showParticleSystems":true},"in2DMode":false,"pivot":{"x":-4.827796936035156,"y":-0.6200000047683716,"z":10.829843521118164},"rotation":{"x":0.1014113798737526,"y":0.37045159935951235,"z":-0.04072852432727814,"w":0.9224004149436951},"size":5.286422252655029,"orthographic":false}