{"cameraMode":{"drawMode":0,"name":"Shaded","section":"Shading Mode"},"sceneLighting":false,"audioPlay":false,"sceneViewState":{"showFog":true,"showMaterialUpdate":false,"showSkybox":true,"showFlares":true,"showImageEffects":true,"showParticleSystems":true},"in2DMode":false,"pivot":{"x":-5.117918014526367,"y":3.9275455474853517,"z":-5.56894063949585},"rotation":{"x":0.22505851089954377,"y":0.14205197989940644,"z":-0.033185750246047977,"w":0.9633632302284241},"size":4.910436630249023,"orthographic":false}