{"cameraMode":{"drawMode":0,"name":"Shaded","section":"Shading Mode"},"sceneLighting":false,"audioPlay":false,"sceneViewState":{"showFog":true,"showMaterialUpdate":false,"showSkybox":true,"showFlares":true,"showImageEffects":true,"showParticleSystems":true},"in2DMode":false,"pivot":{"x":-35.177364349365237,"y":-4.793949127197266,"z":-37.28367614746094},"rotation":{"x":0.4254816472530365,"y":0.004842823371291161,"z":-0.002276731189340353,"w":0.904951274394989},"size":98.1422348022461,"orthographic":false}