{"cameraMode":{"drawMode":0,"name":"Shaded","section":"Shading Mode"},"sceneLighting":false,"audioPlay":false,"sceneViewState":{"showFog":true,"showMaterialUpdate":false,"showSkybox":true,"showFlares":true,"showImageEffects":true,"showParticleSystems":true},"in2DMode":false,"pivot":{"x":0.47654104232788088,"y":1.9886225461959839,"z":-3.1119637489318849},"rotation":{"x":-0.2811599373817444,"y":0.002584354253485799,"z":-0.000757155823521316,"w":-0.9596571326255798},"size":1.0289173126220704,"orthographic":false}