{"cameraMode":{"drawMode":0,"name":"Shaded","section":"Shading Mode"},"sceneLighting":false,"audioPlay":false,"sceneViewState":{"showFog":true,"showMaterialUpdate":false,"showSkybox":true,"showFlares":true,"showImageEffects":true,"showParticleSystems":true},"in2DMode":false,"pivot":{"x":-4.417520523071289,"y":2.371851682662964,"z":-4.02400016784668},"rotation":{"x":-0.09944914281368256,"y":-0.8093118071556091,"z":0.14351217448711396,"w":-0.5608285069465637},"size":10.112496376037598,"orthographic":false}