{"cameraMode":{"drawMode":0,"name":"Shaded","section":"Shading Mode"},"sceneLighting":false,"audioPlay":false,"sceneViewState":{"showFog":true,"showMaterialUpdate":false,"showSkybox":true,"showFlares":true,"showImageEffects":true,"showParticleSystems":true},"in2DMode":false,"pivot":{"x":-4.798199653625488,"y":2.182593822479248,"z":-3.759999990463257},"rotation":{"x":-0.004113511182367802,"y":0.9657778739929199,"z":-0.25888344645500185,"w":-0.015347098000347615},"size":9.976800918579102,"orthographic":false}