{"cameraMode":{"drawMode":0,"name":"Shaded","section":"Shading Mode"},"sceneLighting":false,"audioPlay":false,"sceneViewState":{"showFog":true,"showMaterialUpdate":false,"showSkybox":true,"showFlares":true,"showImageEffects":true,"showParticleSystems":true},"in2DMode":false,"pivot":{"x":-13.033222198486329,"y":1.9532225131988526,"z":-22.176639556884767},"rotation":{"x":0.0030139542650431396,"y":-0.9747047424316406,"z":0.22308804094791413,"w":0.013167256489396096},"size":93.59191131591797,"orthographic":false}