{"cameraMode":{"drawMode":0,"name":"Shaded","section":"Shading Mode"},"sceneLighting":false,"audioPlay":false,"sceneViewState":{"showFog":true,"showMaterialUpdate":false,"showSkybox":true,"showFlares":true,"showImageEffects":true,"showParticleSystems":true},"in2DMode":false,"pivot":{"x":-0.8307456970214844,"y":-7.362800598144531,"z":-1.0981578826904297},"rotation":{"x":-0.1276843100786209,"y":-0.7058591842651367,"z":0.1317296177148819,"w":-0.6841834187507629},"size":60.2281608581543,"orthographic":false}