{"cameraMode":{"drawMode":0,"name":"Shaded","section":"Shading Mode"},"sceneLighting":false,"audioPlay":false,"sceneViewState":{"showFog":true,"showMaterialUpdate":false,"showSkybox":true,"showFlares":true,"showImageEffects":true,"showParticleSystems":true},"in2DMode":false,"pivot":{"x":-32.205631256103519,"y":8.07242202758789,"z":-57.97000503540039},"rotation":{"x":-0.34327250719070437,"y":-0.001966183539479971,"z":0.0007182277622632682,"w":-0.9392335414886475},"size":47.11982727050781,"orthographic":false}