{"cameraMode":{"drawMode":0,"name":"Shaded","section":"Shading Mode"},"sceneLighting":false,"audioPlay":false,"sceneViewState":{"showFog":true,"showMaterialUpdate":false,"showSkybox":true,"showFlares":true,"showImageEffects":true,"showParticleSystems":true},"in2DMode":false,"pivot":{"x":-7.622001647949219,"y":3.128683567047119,"z":-3.7591423988342287},"rotation":{"x":0.041382722556591037,"y":0.01766948215663433,"z":-0.0007315838010981679,"w":0.9989868998527527},"size":2.82566499710083,"orthographic":false}