{"cameraMode":{"drawMode":0,"name":"Shaded","section":"Shading Mode"},"sceneLighting":false,"audioPlay":false,"sceneViewState":{"showFog":true,"showMaterialUpdate":false,"showSkybox":true,"showFlares":true,"showImageEffects":true,"showParticleSystems":true},"in2DMode":false,"pivot":{"x":-35.7920036315918,"y":-127.84866333007813,"z":-16.229942321777345},"rotation":{"x":0.6172749400138855,"y":0.014159394428133965,"z":-0.011112076230347157,"w":0.7865416407585144},"size":245.68321228027345,"orthographic":false}