{"cameraMode":{"drawMode":0,"name":"Shaded","section":"Shading Mode"},"sceneLighting":false,"audioPlay":false,"sceneViewState":{"showFog":true,"showMaterialUpdate":false,"showSkybox":true,"showFlares":true,"showImageEffects":true,"showParticleSystems":true},"in2DMode":false,"pivot":{"x":-1.7100000381469727,"y":1.2599999904632569,"z":0.3700000047683716},"rotation":{"x":-0.09944914281368256,"y":-0.8093118071556091,"z":0.14351217448711396,"w":-0.5608285069465637},"size":4.819365501403809,"orthographic":false}