{"cameraMode":{"drawMode":0,"name":"Shaded","section":"Shading Mode"},"sceneLighting":false,"audioPlay":false,"sceneViewState":{"showFog":true,"showMaterialUpdate":false,"showSkybox":true,"showFlares":true,"showImageEffects":true,"showParticleSystems":true},"in2DMode":false,"pivot":{"x":-3.5091910362243654,"y":1.5839201211929322,"z":-2.656742572784424},"rotation":{"x":0.004211184568703175,"y":-0.9934707880020142,"z":0.1071091815829277,"w":0.039060115814208987},"size":7.046050071716309,"orthographic":false}