{"cameraMode":{"drawMode":0,"name":"Shaded","section":"Shading Mode"},"sceneLighting":false,"audioPlay":false,"sceneViewState":{"showFog":true,"showMaterialUpdate":false,"showSkybox":true,"showFlares":true,"showImageEffects":true,"showParticleSystems":true},"in2DMode":false,"pivot":{"x":3.7447826862335207,"y":0.9070073962211609,"z":-1.5687552690505982},"rotation":{"x":-0.0034532486461102964,"y":0.9948710799217224,"z":-0.09429962933063507,"w":-0.03643132373690605},"size":4.422665596008301,"orthographic":false}