{"cameraMode":{"drawMode":0,"name":"Shaded","section":"Shading Mode"},"sceneLighting":false,"audioPlay":false,"sceneViewState":{"showFog":true,"showMaterialUpdate":false,"showSkybox":true,"showFlares":true,"showImageEffects":true,"showParticleSystems":true},"in2DMode":false,"pivot":{"x":-0.00009775161743164063,"y":1.2505033016204835,"z":0.050685107707977298},"rotation":{"x":-0.040791790932416919,"y":0.9590621590614319,"z":-0.18942755460739137,"w":-0.2065262496471405},"size":6.070041179656982,"orthographic":false}