{"cameraMode":{"drawMode":1,"name":"Wireframe","section":"Shading Mode"},"sceneLighting":false,"audioPlay":false,"sceneViewState":{"showFog":true,"showMaterialUpdate":false,"showSkybox":true,"showFlares":true,"showImageEffects":true,"showParticleSystems":true},"in2DMode":false,"pivot":{"x":-4.167085647583008,"y":1.3397220373153687,"z":-4.6700005531311039},"rotation":{"x":0.5363306403160095,"y":0.02657652460038662,"z":-0.016899991780519487,"w":0.8434200882911682},"size":8.254804611206055,"orthographic":true}